{"cameraMode":{"drawMode":0,"name":"Shaded","section":"Shading Mode"},"sceneLighting":true,"audioPlay":true,"sceneViewState":{"showFog":false,"showMaterialUpdate":false,"showSkybox":false,"showFlares":false,"showImageEffects":false,"showParticleSystems":true},"in2DMode":false,"pivot":{"x":-12.355192184448243,"y":5.743295669555664,"z":-18.221172332763673},"rotation":{"x":0.12647946178913117,"y":0.23324497044086457,"z":-0.03061285801231861,"w":0.9636714458465576},"size":23.900524139404298,"orthographic":false}